{
  "mean_reward": 58.27717660661358,
  "std_reward": 25.910255891984843,
  "cf_rate": 1.0,
  "cf_rate_std": 0.0,
  "dyn_suc": 0.31165143228017306,
  "dyn_suc_std": 0.1396811092019149,
  "n_eval_episodes": 30,
  "elapsed_min": 239.45,
  "model_path": "/home/sanaa/Documents/alsat_dynamic_multi/models/ppo_no_curriculum_s456.zip",
  "dyn_success_history": [
    0.3076923076923077,
    0.3728813559322034,
    0.2714285714285714,
    0.19444444444444445,
    0.36363636363636365,
    0.36619718309859156,
    0.25396825396825395,
    0.19718309859154928,
    0.417910447761194,
    0.171875,
    0.30303030303030304,
    0.29411764705882354,
    0.3939393939393939,
    0.44,
    0.43283582089552236,
    0.37142857142857144,
    0.3283582089552239,
    0.53125,
    0.2318840579710145,
    0.3333333333333333,
    0.16901408450704225,
    0.37333333333333335,
    0.4307692307692308,
    0.45901639344262296,
    0.37681159420289856,
    0.2857142857142857,
    0.2328767123287671,
    0.3380281690140845,
    0.32,
    0.3972602739726027,
    0.2923076923076923,
    0.32432432432432434,
    0.42424242424242425,
    0.32857142857142857,
    0.29850746268656714,
    0.37142857142857144,
    0.38095238095238093,
    0.41333333333333333,
    0.24285714285714285,
    0.29577464788732394,
    0.2727272727272727,
    0.3188405797101449,
    0.31746031746031744,
    0.4225352112676056,
    0.3055555555555556,
    0.4225352112676056,
    0.4266666666666667,
    0.421875,
    0.22535211267605634,
    0.4603174603174603,
    0.27419354838709675,
    0.5142857142857142,
    0.30303030303030304,
    0.296875,
    0.16901408450704225,
    0.25333333333333335,
    0.4782608695652174,
    0.41509433962264153,
    0.2571428571428571,
    0.3387096774193548,
    0.30985915492957744,
    0.390625,
    0.4533333333333333,
    0.2714285714285714,
    0.3230769230769231,
    0.3380281690140845,
    0.3,
    0.2647058823529412,
    0.30158730158730157,
    0.42857142857142855,
    0.37681159420289856,
    0.4166666666666667,
    0.28378378378378377,
    0.35294117647058826,
    0.4473684210526316,
    0.2222222222222222,
    0.40540540540540543,
    0.15625,
    0.42857142857142855,
    0.21212121212121213,
    0.4266666666666667,
    0.37142857142857144,
    0.3698630136986301,
    0.3125,
    0.38571428571428573,
    0.5970149253731343,
    0.3484848484848485,
    0.36764705882352944,
    0.373134328358209,
    0.3283582089552239,
    0.36363636363636365,
    0.352112676056338,
    0.35384615384615387,
    0.29411764705882354,
    0.3181818181818182,
    0.3380281690140845,
    0.24285714285714285,
    0.390625,
    0.43283582089552236,
    0.4142857142857143
  ]
}