{
  "mean_reward": 60.9994544728559,
  "std_reward": 21.175394874199355,
  "cf_rate": 0.8992815730731333,
  "cf_rate_std": 0.1967329063609164,
  "dyn_suc": 0.3397838808388709,
  "dyn_suc_std": 0.08122531901511192,
  "n_eval_episodes": 30,
  "elapsed_min": 239.97,
  "model_path": "/home/sanaa/Documents/alsat_dynamic_multi/models/ppo_no_curriculum_s123.zip",
  "dyn_success_history": [
    0.44776119402985076,
    0.19736842105263158,
    0.29850746268656714,
    0.4520547945205479,
    0.30303030303030304,
    0.3157894736842105,
    0.21739130434782608,
    0.43283582089552236,
    0.36923076923076925,
    0.22058823529411764,
    0.5,
    0.5,
    0.34285714285714286,
    0.4117647058823529,
    0.3076923076923077,
    0.2898550724637681,
    0.3125,
    0.3088235294117647,
    0.4492753623188406,
    0.3382352941176471,
    0.3333333333333333,
    0.34285714285714286,
    0.33783783783783783,
    0.421875,
    0.18032786885245902,
    0.15492957746478872,
    0.40625,
    0.24242424242424243,
    0.24324324324324326,
    0.5074626865671642,
    0.4696969696969697,
    0.36619718309859156,
    0.24324324324324326,
    0.3611111111111111,
    0.23529411764705882,
    0.3880597014925373,
    0.17647058823529413,
    0.43243243243243246,
    0.15492957746478872,
    0.3611111111111111,
    0.3484848484848485,
    0.39436619718309857,
    0.273972602739726,
    0.4027777777777778,
    0.3333333333333333,
    0.35714285714285715,
    0.35714285714285715,
    0.4189189189189189,
    0.22535211267605634,
    0.34285714285714286,
    0.3880597014925373,
    0.4473684210526316,
    0.31746031746031744,
    0.31666666666666665,
    0.273972602739726,
    0.3,
    0.4117647058823529,
    0.2571428571428571,
    0.2878787878787879,
    0.4117647058823529,
    0.4533333333333333,
    0.3064516129032258,
    0.5223880597014925,
    0.3561643835616438,
    0.4027777777777778,
    0.30434782608695654,
    0.21739130434782608,
    0.3392857142857143,
    0.3384615384615385,
    0.25806451612903225,
    0.3684210526315789,
    0.484375,
    0.3076923076923077,
    0.34782608695652173,
    0.2028985507246377,
    0.296875,
    0.3114754098360656,
    0.35294117647058826,
    0.23943661971830985,
    0.40540540540540543,
    0.5,
    0.453125,
    0.33766233766233766,
    0.5072463768115942,
    0.42028985507246375,
    0.3188405797101449,
    0.3142857142857143,
    0.5211267605633803,
    0.6349206349206349,
    0.3880597014925373,
    0.30985915492957744,
    0.5633802816901409,
    0.2535211267605634,
    0.4117647058823529,
    0.29411764705882354,
    0.3968253968253968,
    0.40540540540540543,
    0.28378378378378377,
    0.375,
    0.3333333333333333
  ]
}