{
  "episodes_done": 450,
  "ep_rewards": [
    8.561912521719933,
    9.901173710823059,
    9.344195276498795,
    9.418955832719803,
    7.745401084423065,
    3.1882283985614777,
    9.027309536933899,
    2.6014719009399414,
    8.816324889659882,
    3.5866044759750366,
    8.02208063006401,
    8.589073181152344,
    9.241051107645035,
    9.826013624668121,
    8.454338937997818,
    6.924900472164154,
    9.567133605480194,
    8.073703855276108,
    8.089092314243317,
    9.282376736402512,
    11.20156192779541,
    9.858898520469666,
    10.84374725818634,
    9.233782321214676,
    10.674861371517181,
    9.652698069810867,
    2.676439881324768,
    0.0,
    9.968997418880463,
    10.450135052204132,
    0.9382766485214233,
    9.980914503335953,
    9.722249656915665,
    0.0,
    7.852423131465912,
    5.3372282683849335,
    9.081925600767136,
    0.0,
    7.618253737688065,
    0.0,
    7.093711882829666,
    8.886841088533401,
    8.790317296981812,
    0.0,
    1.8655020594596863,
    9.000303715467453,
    0.46444523334503174,
    7.397964239120483,
    8.060285776853561,
    6.5969967395067215,
    2.3659366965293884,
    0.3808194100856781,
    9.884952634572983,
    3.294390320777893,
    11.255487948656082,
    4.231785893440247,
    6.608282268047333,
    9.639701217412949,
    7.916035860776901,
    0.0,
    10.836836218833923,
    8.09261605143547,
    9.219076573848724,
    0.0,
    9.57968869805336,
    9.59798315167427,
    1.4484717845916748,
    3.0010692477226257,
    8.296381175518036,
    8.371068507432938,
    8.980176359415054,
    9.740185886621475,
    7.296310052275658,
    8.076688408851624,
    9.711828768253326,
    6.883724600076675,
    1.0000742673873901,
    8.71102949976921,
    10.437551826238632,
    9.01478162407875,
    8.218985557556152,
    0.0,
    0.3184186816215515,
    10.180422961711884,
    9.782408118247986,
    9.46901336312294,
    0.0,
    9.48607386648655,
    0.6281336545944214,
    9.948796451091766,
    11.665560245513916,
    0.0,
    0.0,
    0.0,
    0.0,
    8.346993178129196,
    8.755625396966934,
    10.661480754613876,
    1.8293864279985428,
    9.301963657140732,
    9.496327638626099,
    7.646385729312897,
    10.053468465805054,
    8.258722990751266,
    9.275590389966965,
    9.691892564296722,
    8.06120651960373,
    0.0,
    8.227343022823334,
    8.538011848926544,
    10.043804317712784,
    8.960966169834137,
    0.0,
    1.1734128892421722,
    2.998267710208893,
    0.0,
    1.149506002664566,
    9.09472194314003,
    0.6673626899719238,
    7.182645782828331,
    8.743638545274734,
    1.2672876119613647,
    7.710928052663803,
    7.649910509586334,
    0.8269073963165283,
    11.054904192686081,
    9.093985199928284,
    9.118809551000595,
    3.6528196036815643,
    10.13187724351883,
    9.162150472402573,
    2.76410910487175,
    9.725630193948746,
    9.152092576026917,
    5.436006397008896,
    10.221525698900223,
    9.799463927745819,
    0.6829944252967834,
    8.875924706459045,
    8.610608160495758,
    0.0,
    10.388683527708054,
    8.380067840218544,
    7.8431366086006165,
    10.206292748451233,
    1.4721928536891937,
    2.8809021413326263,
    8.2317333817482,
    11.02661269903183,
    3.260945998132229,
    0.40702322125434875,
    8.58710253238678,
    10.994664043188095,
    9.134275078773499,
    10.864077925682068,
    3.900583803653717,
    5.5414296090602875,
    9.260864019393921,
    0.0,
    6.5914613008499146,
    3.0683780014514923,
    9.362046480178833,
    2.545909196138382,
    2.3467738032341003,
    10.376107335090637,
    2.99878790974617,
    9.363034188747406,
    7.423125386238098,
    11.068412691354752,
    0.0,
    9.26856780052185,
    9.083306074142456,
    1.406777024269104,
    9.252426713705063,
    0.0,
    9.617667108774185,
    0.0,
    1.1607581675052643,
    10.253102362155914,
    0.8409512937068939,
    10.76414668560028,
    6.539120227098465,
    2.616516649723053,
    10.499076634645462,
    9.66282594203949,
    0.0,
    11.80741286277771,
    10.04219964146614,
    2.9100852608680725,
    9.762425065040588,
    10.017155081033707,
    10.48012313246727,
    10.456824541091919,
    7.944588214159012,
    7.4353713393211365,
    9.841206669807434,
    10.71505680680275,
    4.880323797464371,
    0.0,
    0.0,
    9.572909116744995,
    9.051068782806396,
    9.715467125177383,
    9.557447999715805,
    9.166113257408142,
    5.641828924417496,
    0.47870010137557983,
    2.8531935811042786,
    4.253423362970352,
    0.0,
    11.610844641923904,
    3.3499207198619843,
    0.0,
    0.8583081960678101,
    9.552403181791306,
    8.443465501070023,
    8.215620666742325,
    9.962763220071793,
    9.89654803276062,
    10.45957413315773,
    9.223255187273026,
    10.091333866119385,
    8.719264537096024,
    11.427836328744888,
    9.376125663518906,
    8.956147730350494,
    10.778684467077255,
    4.3711675107479095,
    11.799005687236786,
    8.331240147352219,
    2.455690026283264,
    8.574422866106033,
    0.0,
    2.615319937467575,
    10.39527490735054,
    8.414511233568192,
    9.323484361171722,
    10.259778320789337,
    0.0,
    8.578248351812363,
    9.417005687952042,
    9.07252699136734,
    2.1710317730903625,
    9.910832315683365,
    0.4036901295185089,
    10.028764307498932,
    9.518839746713638,
    9.294399410486221,
    0.0,
    8.222859412431717,
    9.865021109580994,
    10.69384104013443,
    2.1614981591701508,
    4.614860117435455,
    3.985186845064163,
    10.650543570518494,
    7.928143620491028,
    10.480853468179703,
    8.830946415662766,
    0.0,
    11.455256462097168,
    0.0,
    3.017441600561142,
    9.54269015789032,
    2.6674238443374634,
    5.83058026432991,
    0.46939313411712646,
    9.943423688411713,
    11.653852194547653,
    0.0,
    10.003789722919464,
    4.809797823429108,
    9.520021080970764,
    10.086941719055176,
    0.0,
    10.060784071683884,
    9.069828629493713,
    10.388332158327103,
    12.439024686813354,
    0.4637323319911957,
    10.496650755405426,
    0.0,
    8.290613800287247,
    0.0,
    8.310059905052185,
    0.3104684352874756,
    12.133352220058441,
    8.183320760726929,
    10.997649252414703,
    1.8496885895729065,
    2.078462243080139,
    0.0,
    9.41629010438919,
    6.521103590726852,
    8.423524796962738,
    2.793405205011368,
    1.421275407075882,
    10.647827625274658,
    0.0,
    3.9885633885860443,
    3.5098606944084167,
    6.293561577796936,
    4.357539772987366,
    8.721439629793167,
    0.32327237725257874,
    4.2800596952438354,
    4.837095856666565,
    11.507492393255234,
    7.859232664108276,
    9.391069412231445,
    0.0,
    11.293336421251297,
    9.361487030982971,
    3.7884631752967834,
    9.567594707012177,
    8.769736617803574,
    10.738415032625198,
    5.937558740377426,
    10.312339693307877,
    7.990926146507263,
    6.807581186294556,
    8.191533595323563,
    1.2603211402893066,
    0.0,
    0.0,
    8.355636835098267,
    8.769522100687027,
    0.3202079236507416,
    8.719695895910263,
    10.233504593372345,
    1.5130497813224792,
    10.106739699840546,
    7.1459621489048,
    9.831045717000961,
    7.755544662475586,
    0.0,
    4.135062426328659,
    7.54228800535202,
    9.274567067623138,
    0.0,
    5.155859410762787,
    10.096244215965271,
    0.5033457279205322,
    0.0,
    10.073637425899506,
    8.119641363620758,
    10.192789912223816,
    4.275839686393738,
    4.421685367822647,
    5.011270463466644,
    11.407814621925354,
    10.339921683073044,
    9.05972969532013,
    7.6046019196510315,
    11.037665367126465,
    8.473411679267883,
    8.61534759402275,
    9.362800985574722,
    8.965538173913956,
    7.543336451053619,
    9.281685620546341,
    9.157421559095383,
    0.0,
    6.3492491543293,
    7.7315773665905,
    2.498896837234497,
    7.709626406431198,
    6.96938169002533,
    7.987742334604263,
