{
  "mean_reward": 85.78563541848993,
  "std_reward": 30.198493585581865,
  "cf_rate": 0.9684171655411377,
  "cf_rate_std": 0.047842012826719786,
  "dyn_suc": 0.41376060731978764,
  "dyn_suc_std": 0.12431583867267902,
  "n_eval_episodes": 30,
  "elapsed_min": 564.69,
  "model_path": "/home/sanaa/Documents/alsat_dynamic_multi/models/ppo_circular_cnn_s123.zip",
  "dyn_success_history": [
    0.23333333333333334,
    0.36619718309859156,
    0.2,
    0.42105263157894735,
    0.5857142857142857,
    0.23529411764705882,
    0.373134328358209,
    0.3235294117647059,
    0.36619718309859156,
    0.3472222222222222,
    0.23529411764705882,
    0.32,
    0.44285714285714284,
    0.2413793103448276,
    0.27692307692307694,
    0.04477611940298507,
    0.30434782608695654,
    0.30985915492957744,
    0.3870967741935484,
    0.1917808219178082,
    0.4057971014492754,
    0.359375,
    0.3783783783783784,
    0.225,
    0.3492063492063492,
    0.4342105263157895,
    0.21212121212121213,
    0.37142857142857144,
    0.25396825396825395,
    0.3835616438356164,
    0.35714285714285715,
    0.4246575342465753,
    0.40540540540540543,
    0.38461538461538464,
    0.30303030303030304,
    0.3835616438356164,
    0.30985915492957744,
    0.323943661971831,
    0.5151515151515151,
    0.11764705882352941,
    0.2702702702702703,
    0.3142857142857143,
    0.3424657534246575,
    0.4507042253521127,
    0.3188405797101449,
    0.33783783783783783,
    0.352112676056338,
    0.4444444444444444,
    0.325,
    0.14705882352941177,
    0.175,
    0.417910447761194,
    0.31343283582089554,
    0.37662337662337664,
    0.2692307692307692,
    0.17647058823529413,
    0.2916666666666667,
    0.4411764705882353,
    0.35135135135135137,
    0.4,
    0.273972602739726,
    0.4264705882352941,
    0.21212121212121213,
    0.4155844155844156,
    0.24242424242424243,
    0.40540540540540543,
    0.24324324324324326,
    0.2535211267605634,
    0.3918918918918919,
    0.4166666666666667,
    0.24242424242424243,
    0.3787878787878788,
    0.2727272727272727,
    0.4084507042253521,
    0.4583333333333333,
    0.36619718309859156,
    0.12698412698412698,
    0.25,
    0.5857142857142857,
    0.23880597014925373,
    0.4583333333333333,
    0.3717948717948718,
    0.19117647058823528,
    0.3333333333333333,
    0.3582089552238806,
    0.39705882352941174,
    0.296875,
    0.39436619718309857,
    0.40540540540540543,
    0.26153846153846155,
    0.3287671232876712,
    0.5352112676056338,
    0.4411764705882353,
    0.5294117647058824,
    0.4090909090909091,
    0.28378378378378377,
    0.3064516129032258,
    0.38571428571428573,
    0.3380281690140845,
    0.35384615384615387
  ]
}