{
  "mean_reward": 42.64549509984478,
  "std_reward": 23.464362374108806,
  "cf_rate": 0.8469451890514965,
  "cf_rate_std": 0.28525821157857717,
  "dyn_suc": 0.20741083680201902,
  "dyn_suc_std": 0.10223731302121197,
  "n_eval_episodes": 30,
  "elapsed_min": 134.21,
  "model_path": "/home/sanaa/Documents/alsat_dynamic_multi/models/ppo_gaussian_cloud_s123.zip",
  "dyn_success_history": [
    0.2328767123287671,
    0.20588235294117646,
    0.417910447761194,
    0.6197183098591549,
    0.2777777777777778,
    0.32857142857142857,
    0.16901408450704225,
    0.08695652173913043,
    0.3424657534246575,
    0.4264705882352941,
    0.03571428571428571,
    0.35294117647058826,
    0.14925373134328357,
    0.5142857142857142,
    0.2777777777777778,
    0.19672131147540983,
    0.11428571428571428,
    0.14705882352941177,
    0.27586206896551724,
    0.4868421052631579,
    0.44871794871794873,
    0.5441176470588235,
    0.08333333333333333,
    0.36363636363636365,
    0.5072463768115942,
    0.12307692307692308,
    0.18666666666666668,
    0.08823529411764706,
    0.2638888888888889,
    0.4861111111111111,
    0.3333333333333333,
    0.17647058823529413,
    0.057971014492753624,
    0.11594202898550725,
    0.08450704225352113,
    0.2153846153846154,
    0.08823529411764706,
    0.16666666666666666,
    0.11594202898550725,
    0.1095890410958904,
    0.08571428571428572,
    0.15384615384615385,
    0.18309859154929578,
    0.11940298507462686,
    0.08823529411764706,
    0.15584415584415584,
    0.1323529411764706,
    0.24390243902439024,
    0.09375,
    0.4411764705882353,
    0.15584415584415584,
    0.4050632911392405,
    0.14492753623188406,
    0.08571428571428572,
    0.06153846153846154,
    0.14492753623188406,
    0.06349206349206349,
    0.2535211267605634,
    0.0625,
    0.12307692307692308,
    0.5657894736842105,
    0.3283582089552239,
    0.323943661971831,
    0.05714285714285714,
    0.11428571428571428,
    0.2898550724637681,
    0.11594202898550725,
    0.06153846153846154,
    0.1875,
    0.09230769230769231,
    0.5142857142857142,
    0.3088235294117647,
    0.17647058823529413,
    0.3230769230769231,
    0.08450704225352113,
    0.6153846153846154,
    0.24242424242424243,
    0.19718309859154928,
    0.13157894736842105,
    0.0,
    0.03225806451612903,
    0.14705882352941177,
    0.09090909090909091,
    0.24242424242424243,
    0.17391304347826086,
    0.3424657534246575,
    0.17647058823529413,
    0.40540540540540543,
    0.3880597014925373,
    0.125,
    0.21212121212121213,
    0.12307692307692308,
    0.410958904109589,
    0.26229508196721313,
    0.06153846153846154,
    0.02857142857142857,
    0.125,
    0.3382352941176471,
    0.14084507042253522,
    0.18181818181818182
  ]
}