{
  "mean_reward": 58.27717660661358,
  "std_reward": 25.910255891984843,
  "cf_rate": 1.0,
  "cf_rate_std": 0.0,
  "dyn_suc": 0.31165143228017306,
  "dyn_suc_std": 0.1396811092019149,
  "n_eval_episodes": 30,
  "elapsed_min": 137.18,
  "model_path": "/home/sanaa/Documents/alsat_dynamic_multi/models/ppo_no_smdp_s456.zip",
  "dyn_success_history": [
    0.34375,
    0.36666666666666664,
    0.3050847457627119,
    0.3088235294117647,
    0.34545454545454546,
    0.3918918918918919,
    0.3283582089552239,
    0.3333333333333333,
    0.39705882352941174,
    0.3,
    0.3684210526315789,
    0.2857142857142857,
    0.3787878787878788,
    0.3142857142857143,
    0.2835820895522388,
    0.43283582089552236,
    0.45,
    0.2777777777777778,
    0.2318840579710145,
    0.2028985507246377,
    0.37142857142857144,
    0.38028169014084506,
    0.3380281690140845,
    0.2972972972972973,
    0.22972972972972974,
    0.2571428571428571,
    0.4788732394366197,
    0.32,
    0.36619718309859156,
    0.34782608695652173,
    0.2857142857142857,
    0.3157894736842105,
    0.5,
    0.4307692307692308,
    0.26865671641791045,
    0.4084507042253521,
    0.4507042253521127,
    0.3013698630136986,
    0.42424242424242425,
    0.4126984126984127,
    0.3157894736842105,
    0.35384615384615387,
    0.3924050632911392,
    0.2,
    0.4,
    0.4393939393939394,
    0.30434782608695654,
    0.25,
    0.43548387096774194,
    0.36764705882352944,
    0.2898550724637681,
    0.3870967741935484,
    0.20833333333333334,
    0.3088235294117647,
    0.4696969696969697,
    0.25,
    0.2714285714285714,
    0.2835820895522388,
    0.3888888888888889,
    0.4225352112676056,
    0.5753424657534246,
    0.13043478260869565,
    0.4533333333333333,
    0.4583333333333333,
    0.391304347826087,
    0.44285714285714284,
    0.43333333333333335,
    0.4583333333333333,
    0.3561643835616438,
    0.37681159420289856,
    0.28169014084507044,
    0.28125,
    0.2753623188405797,
    0.45121951219512196,
    0.2647058823529412,
    0.273972602739726,
    0.3783783783783784,
    0.3230769230769231,
    0.52,
    0.2191780821917808,
    0.2714285714285714,
    0.4492753623188406,
    0.3116883116883117,
    0.17391304347826086,
    0.4864864864864865,
    0.3561643835616438,
    0.5294117647058824,
    0.3333333333333333,
    0.31746031746031744,
    0.36486486486486486,
    0.4057971014492754,
    0.5285714285714286,
    0.1875,
    0.2638888888888889,
    0.38666666666666666,
    0.32894736842105265,
    0.2857142857142857,
    0.15625,
    0.625,
    0.3125
  ]
}