{
  "mean_reward": 60.00817113933212,
  "std_reward": 17.550654994043683,
  "cf_rate": 1.0,
  "cf_rate_std": 0.0,
  "dyn_suc": 0.3136026584978793,
  "dyn_suc_std": 0.08727740116966914,
  "n_eval_episodes": 30,
  "elapsed_min": 219.31,
  "model_path": "/home/sanaa/Documents/alsat_dynamic_multi/models/ppo_attention_policy_s42.zip",
  "dyn_success_history": [
    0.38571428571428573,
    0.35294117647058826,
    0.2222222222222222,
    0.4153846153846154,
    0.4927536231884058,
    0.43661971830985913,
    0.28169014084507044,
    0.2028985507246377,
    0.4032258064516129,
    0.25396825396825395,
    0.3880597014925373,
    0.4583333333333333,
    0.3880597014925373,
    0.1643835616438356,
    0.4166666666666667,
    0.3972602739726027,
    0.29577464788732394,
    0.4583333333333333,
    0.4027777777777778,
    0.5303030303030303,
    0.2631578947368421,
    0.3,
    0.2028985507246377,
    0.39705882352941174,
    0.21212121212121213,
    0.3484848484848485,
    0.373134328358209,
    0.3188405797101449,
    0.32432432432432434,
    0.3472222222222222,
    0.4155844155844156,
    0.44776119402985076,
    0.37681159420289856,
    0.30985915492957744,
    0.4444444444444444,
    0.2676056338028169,
    0.4,
    0.22077922077922077,
    0.30303030303030304,
    0.3484848484848485,
    0.3380281690140845,
    0.36363636363636365,
    0.2714285714285714,
    0.43478260869565216,
    0.26865671641791045,
    0.35294117647058826,
    0.36923076923076925,
    0.2191780821917808,
    0.273972602739726,
    0.4307692307692308,
    0.1774193548387097,
    0.28125,
    0.3142857142857143,
    0.36231884057971014,
    0.4473684210526316,
    0.5068493150684932,
    0.3235294117647059,
    0.5694444444444444,
    0.23880597014925373,
    0.21212121212121213,
    0.2972972972972973,
    0.46153846153846156,
    0.22950819672131148,
    0.38461538461538464,
    0.359375,
    0.375,
    0.3880597014925373,
    0.3384615384615385,
    0.3194444444444444,
    0.36,
    0.4084507042253521,
    0.3246753246753247,
    0.27941176470588236,
    0.5633802816901409,
    0.5294117647058824,
    0.2972972972972973,
    0.4264705882352941,
    0.2318840579710145,
    0.3561643835616438,
    0.3283582089552239,
    0.3157894736842105,
    0.2857142857142857,
    0.5205479452054794,
    0.2898550724637681,
    0.30985915492957744,
    0.6216216216216216,
    0.42857142857142855,
    0.5652173913043478,
    0.4583333333333333,
    0.28205128205128205,
    0.34375,
    0.3150684931506849,
    0.2676056338028169,
    0.32894736842105265,
    0.3684210526315789,
    0.26865671641791045,
    0.4166666666666667,
    0.36764705882352944,
    0.3611111111111111,
    0.4666666666666667
  ]
}