{
  "mean_reward": 86.55419376417704,
  "std_reward": 29.500054483365144,
  "cf_rate": 0.9681724844167462,
  "cf_rate_std": 0.04016080113245993,
  "dyn_suc": 0.42289562506024103,
  "dyn_suc_std": 0.13163291526917048,
  "n_eval_episodes": 30,
  "elapsed_min": 243.35,
  "model_path": "/home/sanaa/Documents/alsat_dynamic_multi/models/ppo_no_bc_s123.zip",
  "dyn_success_history": [
    0.3287671232876712,
    0.25,
    0.3472222222222222,
    0.328125,
    0.4,
    0.35714285714285715,
    0.4084507042253521,
    0.30434782608695654,
    0.3380281690140845,
    0.4166666666666667,
    0.35714285714285715,
    0.2413793103448276,
    0.30303030303030304,
    0.27941176470588236,
    0.43478260869565216,
    0.28169014084507044,
    0.2903225806451613,
    0.30985915492957744,
    0.2857142857142857,
    0.2903225806451613,
    0.3918918918918919,
    0.2077922077922078,
    0.49230769230769234,
    0.3972602739726027,
    0.4305555555555556,
    0.27941176470588236,
    0.30303030303030304,
    0.21621621621621623,
    0.3333333333333333,
    0.3835616438356164,
    0.32432432432432434,
    0.417910447761194,
    0.29411764705882354,
    0.3333333333333333,
    0.39436619718309857,
    0.32432432432432434,
    0.4,
    0.30434782608695654,
    0.3972602739726027,
    0.4657534246575342,
    0.3684210526315789,
    0.3698630136986301,
    0.24242424242424243,
    0.29333333333333333,
    0.3888888888888889,
    0.2571428571428571,
    0.3717948717948718,
    0.36764705882352944,
    0.225,
    0.3382352941176471,
    0.4057971014492754,
    0.29333333333333333,
    0.39473684210526316,
    0.32857142857142857,
    0.30985915492957744,
    0.3181818181818182,
    0.22857142857142856,
    0.417910447761194,
    0.3972602739726027,
    0.2537313432835821,
    0.4057971014492754,
    0.2727272727272727,
    0.2647058823529412,
    0.3108108108108108,
    0.3013698630136986,
    0.3013698630136986,
    0.3333333333333333,
    0.4861111111111111,
    0.3333333333333333,
    0.265625,
    0.37681159420289856,
    0.2835820895522388,
    0.38028169014084506,
    0.2571428571428571,
    0.36363636363636365,
    0.3466666666666667,
    0.30303030303030304,
    0.35714285714285715,
    0.5921052631578947,
    0.49382716049382713,
    0.3283582089552239,
    0.19672131147540983,
    0.410958904109589,
    0.3582089552238806,
    0.29850746268656714,
    0.14925373134328357,
    0.45569620253164556,
    0.43283582089552236,
    0.4605263157894737,
    0.45588235294117646,
    0.3880597014925373,
    0.44776119402985076,
    0.3230769230769231,
    0.36,
    0.375,
    0.34328358208955223,
    0.32857142857142857,
    0.25757575757575757,
    0.26865671641791045,
    0.2571428571428571
  ]
}