{
  "mean_reward": 44.34888176381954,
  "std_reward": 11.956924341627406,
  "cf_rate": 1.0,
  "cf_rate_std": 0.0,
  "dyn_suc": 0.3136026584978793,
  "dyn_suc_std": 0.08727740116966914,
  "n_eval_episodes": 30,
  "elapsed_min": 230.85,
  "model_path": "/home/sanaa/Documents/alsat_dynamic_multi/models/ppo_full_system_s42.zip",
  "dyn_success_history": [
    0.35294117647058826,
    0.36363636363636365,
    0.3835616438356164,
    0.5522388059701493,
    0.2786885245901639,
    0.3333333333333333,
    0.6417910447761194,
    0.34328358208955223,
    0.2857142857142857,
    0.6060606060606061,
    0.44285714285714284,
    0.3333333333333333,
    0.3972602739726027,
    0.3698630136986301,
    0.4264705882352941,
    0.35294117647058826,
    0.45454545454545453,
    0.4533333333333333,
    0.47058823529411764,
    0.6323529411764706,
    0.2535211267605634,
    0.4857142857142857,
    0.32432432432432434,
    0.42857142857142855,
    0.49295774647887325,
    0.5074626865671642,
    0.41333333333333333,
    0.5070422535211268,
    0.2727272727272727,
    0.45454545454545453,
    0.25757575757575757,
    0.32051282051282054,
    0.359375,
    0.4864864864864865,
    0.3287671232876712,
    0.28,
    0.6052631578947368,
    0.5072463768115942,
    0.3472222222222222,
    0.36764705882352944,
    0.35714285714285715,
    0.3918918918918919,
    0.463768115942029,
    0.5909090909090909,
    0.49295774647887325,
    0.3333333333333333,
    0.4868421052631579,
    0.4411764705882353,
    0.6056338028169014,
    0.22388059701492538,
    0.30985915492957744,
    0.4166666666666667,
    0.3466666666666667,
    0.391304347826087,
    0.5277777777777778,
    0.4461538461538462,
    0.5555555555555556,
    0.3333333333333333,
    0.4032258064516129,
    0.4520547945205479,
    0.46875,
    0.5352112676056338,
    0.6231884057971014,
    0.3611111111111111,
    0.43661971830985913,
    0.34782608695652173,
    0.4782608695652174,
    0.6031746031746031,
    0.4,
    0.581081081081081,
    0.49230769230769234,
    0.4838709677419355,
    0.5068493150684932,
    0.28169014084507044,
    0.5909090909090909,
    0.32857142857142857,
    0.44285714285714284,
    0.49333333333333335,
    0.3114754098360656,
    0.45588235294117646,
    0.4307692307692308,
    0.3125,
    0.3235294117647059,
    0.4444444444444444,
    0.3783783783783784,
    0.5138888888888888,
    0.3181818181818182,
    0.4533333333333333,
    0.45588235294117646,
    0.5238095238095238,
    0.3389830508474576,
    0.4507042253521127,
    0.5633802816901409,
    0.4461538461538462,
    0.2714285714285714,
    0.3787878787878788,
    0.4864864864864865,
    0.43478260869565216,
    0.3333333333333333,
    0.40298507462686567
  ]
}