{
  "mean_reward": 60.00817113933212,
  "std_reward": 17.550654994043683,
  "cf_rate": 1.0,
  "cf_rate_std": 0.0,
  "dyn_suc": 0.3136026584978793,
  "dyn_suc_std": 0.08727740116966914,
  "n_eval_episodes": 30,
  "elapsed_min": 294.78,
  "model_path": "/home/sanaa/Documents/alsat_dynamic_multi/models/ppo_full_system_s42.zip",
  "dyn_success_history": [
    0.47058823529411764,
    0.345679012345679,
    0.4861111111111111,
    0.19736842105263158,
    0.40540540540540543,
    0.45454545454545453,
    0.3880597014925373,
    0.5070422535211268,
    0.1935483870967742,
    0.3142857142857143,
    0.4657534246575342,
    0.3888888888888889,
    0.3142857142857143,
    0.38095238095238093,
    0.36507936507936506,
    0.3064516129032258,
    0.3287671232876712,
    0.5483870967741935,
    0.23684210526315788,
    0.3,
    0.3283582089552239,
    0.3380281690140845,
    0.3611111111111111,
    0.5,
    0.390625,
    0.36619718309859156,
    0.4166666666666667,
    0.4657534246575342,
    0.463768115942029,
    0.30985915492957744,
    0.3333333333333333,
    0.3181818181818182,
    0.3181818181818182,
    0.2571428571428571,
    0.3466666666666667,
    0.24,
    0.2923076923076923,
    0.3382352941176471,
    0.4305555555555556,
    0.4603174603174603,
    0.22535211267605634,
    0.2898550724637681,
    0.3116883116883117,
    0.43661971830985913,
    0.3787878787878788,
    0.39436619718309857,
    0.22972972972972974,
    0.2777777777777778,
    0.37681159420289856,
    0.5151515151515151,
    0.4857142857142857,
    0.21875,
    0.16666666666666666,
    0.5,
    0.390625,
    0.36923076923076925,
    0.5223880597014925,
    0.32857142857142857,
    0.5147058823529411,
    0.2631578947368421,
    0.5921052631578947,
    0.2318840579710145,
    0.34782608695652173,
    0.43478260869565216,
    0.38235294117647056,
    0.30985915492957744,
    0.40625,
    0.3939393939393939,
    0.296875,
    0.24242424242424243,
    0.44285714285714284,
    0.2857142857142857,
    0.2903225806451613,
    0.28169014084507044,
    0.40540540540540543,
    0.4805194805194805,
    0.527027027027027,
    0.2608695652173913,
    0.5070422535211268,
    0.4307692307692308,
    0.4246575342465753,
    0.3235294117647059,
    0.3888888888888889,
    0.30985915492957744,
    0.40298507462686567,
    0.4520547945205479,
    0.19047619047619047,
    0.4675324675324675,
    0.4153846153846154,
    0.3698630136986301,
    0.42857142857142855,
    0.4852941176470588,
    0.463768115942029,
    0.373134328358209,
    0.26582278481012656,
    0.38095238095238093,
    0.4246575342465753,
    0.24285714285714285,
    0.4246575342465753,
    0.38961038961038963
  ]
}