{
  "cfg": "dyn_real_vision",
  "obs_dim": 56,
  "event_rate": 2.0,
  "episodes": 10,
  "elapsed_min": 2.63,
  "episode_rewards": [
    19.770201712846756,
    17.405735164880753,
    16.27333164215088,
    11.84707897901535,
    12.179267317056656,
    10.319873183965683,
    12.150434136390686,
    13.109198272228241,
    11.421309977769852,
    12.024627685546875,
    9.098980188369751,
    15.87578347325325,
    11.748536765575409,
    10.709674775600433,
    14.698675408959389,
    15.261393874883652,
    11.264748364686966,
    10.647794961929321,
    6.7909746170043945,
    11.173506826162338,
    14.223925665020943,
    17.298454329371452,
    11.698895461857319
  ],
  "ep_cf_rates": [
    1.0,
    1.0,
    1.0,
    1.0,
    1.0,
    1.0,
    1.0,
    1.0,
    1.0,
    1.0,
    1.0,
    1.0,
    1.0,
    1.0,
    0.9230769230769231,
    1.0,
    1.0,
    1.0,
    1.0,
    1.0,
    1.0,
    1.0,
    0.875
  ],
  "ep_dyn_success": [
    0.0847457627118644,
    0.1111111111111111,
    0.07575757575757576,
    0.08333333333333333,
    0.046153846153846156,
    0.04918032786885246,
    0.014492753623188406,
    0.045454545454545456,
    0.043478260869565216,
    0.07936507936507936,
    0.015873015873015872,
    0.09090909090909091,
    0.06451612903225806,
    0.016129032258064516,
    0.07575757575757576,
    0.10294117647058823,
    0.03333333333333333,
    0.0625,
    0.047619047619047616,
    0.03389830508474576,
    0.04411764705882353,
    0.05454545454545454,
    0.13559322033898305
  ]
}