{
  "cfg": "dyn_real_vision",
  "obs_dim": 56,
  "event_rate": 4.0,
  "episodes": 5000,
  "device": "cuda",
  "n_envs": 1,
  "speed_fixes": [
    "SPEED-1 (CNN batch+cache)",
    "SPEED-2 (GPU PPO)",
    "SPEED-3 (curriculum 1-env)",
    "SPEED-4 (SubprocVecEnv)",
    "SPEED-5 (TTA cache)"
  ],
  "timings_min": {
    "bc": 0.09,
    "curriculum": 111.83,
    "ppo": 22.25
  },
  "ep_rewards": [
    -16.317501,
    -17.811494,
    -17.134471,
    -21.212937,
    -23.304649,
    -17.896945,
    -12.673278,
    -8.729829,
    -9.361537,
    -17.334135,
    -18.913863,
    -13.539272,
    -17.549544,
    -9.310911,
    -14.412066,
    -12.598235,
    -15.747581,
    -9.397539,
    -18.781711,
    -9.429604,
    -10.22542,
    -6.823748,
    -13.812586,
    -16.354147,
    -10.384565,
    -10.55392,
    -11.936676,
    -18.030723,
    -15.744141,
    -12.036743,
    -9.974771,
    -5.554126,
    -5.621352,
    -18.849155,
    -10.933978,
    -10.230479,
    -2.543683,
    -10.660734,
    -19.699907,
    -8.945911,
    -18.959625,
    -9.801549,
    -17.662398,
    -10.651011,
    -12.710521,
    -8.81399,
    -9.157091,
    -10.710987,
    -17.2392,
    -16.565793,
    -22.432931,
    -7.243771,
    -10.761876,
    -14.47334,
    -17.341259,
    -14.029678,
    -8.706459,
    -15.391048,
    -11.79735,
    -4.926616,
    -9.60393,
    -10.199064,
    -10.507602,
    -11.539891,
    -13.293472,
    -13.37684,
    -10.802673,
    -8.70617,
    -8.058286,
    -15.4814,
    -12.066881,
    -10.510958,
    -16.982753,
    -12.401524,
    -18.377462,
    -14.557882,
    -9.489079,
    -19.34498,
    -19.079144,
    -11.844523,
    -10.884225,
    -14.376407,
    -20.415248,
    -21.609882,
    -20.028541,
    -10.169015,
    -21.195461,
    -10.460276,
    -10.385826,
    -10.345235,
    -10.111074,
    -19.644856,
    -8.895263,
    -10.782077,
    -12.715732,
    -21.042094,
    -10.834186,
    -21.476214,
    -11.425963,
    -11.439498,
    -16.68591,
    -18.175525,
    -15.383154,
    -17.765018,
    -21.702332,
    -8.440707,
    -10.725257,
    -11.370342,
    -18.752307,
    -13.709003,
    -21.706279,
    -4.413389,
    -8.233451,
    -8.711797,
    -17.493057,
    -20.87386,
    -19.369071,
    -15.261329,
    -4.926261,
    -4.522002,
    -18.77102,
    -9.454415,
    -15.043627,
    -13.319589,
    -10.385259,
    -11.550572,
    -6.69087,
    -8.299371,
    -9.549256,
    -14.323645,
    -11.62504,
    -17.392859,
    -10.093311,
    -8.932003,
    -9.440323,
    -17.720511,
    -13.273467,
    -8.438587,
    -20.957234,
    -4.253495,
    -11.962561,
    -6.992002,
    -11.924843,
    -8.456763,
    -14.368951,
    -11.008127,
    -17.926183,
    -0.762007,
    -14.291637,
    -10.940771,
    -7.851891,
    -14.698604,
    -14.243792,
    -14.492889,
    -16.273946,
    -15.697999,
    -9.350959,
    -4.63408,
    -12.183524,
    -14.025573,
    -13.44205,
    -8.272754,
    -4.548975,
    -6.439652,
    -6.350115,
    -18.77982,
    -12.830338,
    -16.509134,
    -13.013166,
    -11.618315,
    -9.666448,
    -11.869899,
    -7.829237,
    -18.02242,
    -14.781328,
    -9.954574,
    -8.062987,
    -8.432633,
    -10.906633,
    -11.27529,
    -4.797138,
    -10.919091,
    -9.623916,
    -13.245017,
    -8.06526,
    -8.461041,
    -21.095762,
    -10.450254,
    -14.521792,
    -16.619944,
    -2.988902,
    -16.651022,
    -7.312572,
    -9.091783,
    -12.383756,
    -8.683587,
    -8.815056,
    -16.994566,
    -14.373347,
    -13.937505,
    -11.064382,
    -10.049803,
    -13.230368,
    -8.353841,
    -15.364455,
    -13.874883,
    -15.050503,
    -12.008567,
    -17.804172,
    -15.337384,
    -14.978181,
    -4.482638,
    -16.943221,
    -8.01546,
    -10.832208,
    -12.729948,
    -12.799091,
    -9.162643,
    -3.426447,
    -14.07663,
    -12.197475,
    -18.75079,
    -18.288052,
    -9.126575,
    -16.02673,
    -11.693816,
    -9.933638,
    -11.983449,
    -19.903774,
    -9.117679,
    -8.539664,
    -4.031259,
    -12.895439,
    -9.813029,
    -9.091233,
    -13.375508,
    -16.71881,
    -19.334941,
    -4.771797,
    -8.685131,
    -12.630457,
    1.718132,
    -14.82762,
    -10.845525,
    -16.001178,
    -10.144776,
    -19.390526,
    -15.925863,
    -19.880415,
    -4.20937,
    -12.946193,
    -10.054116,
    -18.004049,
    -5.960185,
    -18.608815,
    -14.033756,
    -10.25428,
    -13.659392,
    -14.110652,
    -8.068943,
    -11.151588,
    -5.518658,
    -5.045988,
    -15.641194,
    -15.10179,
    -13.138294,
    -14.969864,
    -3.927582,
    -8.989821,
    -8.571031,
    -14.927283,
    -7.748338,
    -5.997771
  ],