{
  "cfg": "dyn_real_vision",
  "episodes": 5000,
  "ppo_device": "cpu",
  "fixes": [
    "FIX-BC-1 (TargetIDObs)",
    "FIX-CUR-1/2/3",
    "SPEED-1 (CNN cache)",
    "SPEED-3/5"
  ],
  "timings_min": {
    "bc": 0.09,
    "curriculum": 7.25,
    "ppo": 48.37
  },
  "ep_rewards": [
    -1.825364,
    -0.50428,
    -3.233389,
    -0.500218,
    -7.744089,
    -1.31383,
    -4.547218,
    -7.852145,
    -5.389398,
    -7.1175,
    -3.85633,
    -5.680484,
    -7.566948,
    -4.979533,
    -6.106834,
    -9.594298,
    -0.061549,
    -4.635636,
    -5.859016,
    -10.084676,
    -12.0733,
    -4.083948,
    -8.62178,
    -4.627039,
    -6.123957,
    -0.913477,
    -12.298891,
    -6.010783,
    -1.380909,
    -2.340976,
    -5.75682,
    -2.172911,
    -3.675998,
    -10.431775,
    -8.089682,
    3.113235,
    -4.194125,
    -1.524844,
    -9.499514,
    -11.651362,
    -0.854956,
    -5.159715,
    0.856687,
    -5.700886,
    -12.533273,
    -0.766087,
    -9.711448,
    -3.92977,
    -6.166048,
    -1.265554,
    -1.186758,
    -9.156021,
    -2.257677,
    -1.907047,
    -0.711354,
    -7.265441,
    0.245112,
    -6.276108,
    -1.900534,
    -9.572169,
    -6.238367,
    0.153222,
    5.774511,
    -4.644974,
    -8.067293,
    -6.763444,
    -11.588665,
    -15.139392,
    -2.253737,
    -2.310562,
    -8.761968,
    -4.427719,
    -0.625905,
    -9.407626,
    -1.920628,
    3.140672,
    -2.992493,
    -10.685307,
    1.228172,
    -2.658288,
    -8.411807,
    -2.577494,
    -6.796487,
    -11.822588,
    -10.114906,
    2.69214,
    3.078803,
    -0.370581,
    -4.849923,
    -12.022689,
    -7.237046,
    -13.764898,
    -1.805665,
    -11.510645,
    1.799365,
    -2.840155,
    -5.383778,
    0.417086,
    -0.847277,
    -1.485957,
    -2.840969,
    -11.496488,
    2.050744,
    -11.536374,
    11.796178,
    -2.171709,
    -10.157282,
    -0.419492,
    -4.675627,
    -4.929426,
    -1.471197,
    -0.674578,
    -0.899784,
    -4.838354,
    -6.626354,
    -0.811207,
    1.572869,
    -10.76236,
    -3.044325,
    -4.585578,
    -9.530514,
    -0.016516,
    -9.580239,
    -11.819215,
    -12.086966,
    -2.892416,
    -12.803602,
    -1.203353,
    -8.616068,
    2.406417,
    0.291547,
    -6.374939,
    -7.522312,
    -4.703085,
    -11.684525,
    0.47707,
    -8.492337,
    -6.716114,
    -0.565539,
    -0.73661,
    -0.084507,
    -3.207716,
    -3.556272,
    -7.588646,
    1.73045,
    -0.60902,
    -1.945236,
    -2.760821,
    -1.544622,
    -0.071633,
    -5.015224,
    3.280562,
    2.341943,
    -5.955565,
    -3.859451,
    -0.902467,
    -0.360599,
    2.517137,
    -3.292705,
    -3.936697,
    -9.614461,
    -10.622339,
    -1.18266,
    1.533492,
    -0.025481,
    -9.039921,
    -11.128866,
    3.582787,
    -1.440067,
    -3.21024,
    -11.929951,
    -2.651704,
    -9.628412,
    -9.330756,
    -8.972442,
    1.710724,
    1.597808,
    -3.186931,
    -0.676821,
    0.260726,
    -1.822523,
    -10.585677,
    -3.999546,
    -0.308776,
    -4.098246,
    0.352621,
    -8.154397,
    -1.11739,
    -7.54929,
    -6.790805,
    -0.461111,
    -5.899191,
    -6.367026,
    -7.623567,
    -1.8118,
    -6.077484,
    -7.775783,
    -9.678015,
    -0.695117,
    -1.859289,
    -0.164044,
    1.44308,
    -8.443352,
    -13.264465,
    -3.023717,
    2.420483,
    -11.126084,
    -5.440896,
    -11.627495,
    -5.619356,
    -0.773787,
    1.322618,
    -0.591201,
    -9.15527,
    -5.067589,
    -0.299787,
    -3.5608,
    -3.537532,
    -8.630798,
    -6.771847,
    -1.346212,
    -7.141705,
    -0.910208,
    -8.719585,
    -4.078094,
    2.493715,
    -2.228508,
    -9.753052,
    -5.28641,
    -0.384815,
    -6.814449,
    -13.582347,
    4.635676,
    -6.754321,
    -1.636311,
    -9.356409,
    -2.743273,
    -5.945466,
    -7.901368,
    -5.04026,
    -11.403173,
    -7.947963,
    -3.280462,
    -1.18878,
    6.608202,
    3.327623,
    1.488554,
    -2.120484,
    -11.129904,
    -1.248901,
    -7.594545,
    -9.387741,
    -5.02572,
    -4.558508,
    -8.496413,
    0.549042,
    -2.595821,
    6.311882,
    -2.981274,
    -2.061765,
    -7.186457,
    -6.636533,
    -10.735989,
    -2.913643,
    -7.094689,
    -1.776924,
    -5.027448,
    -7.311825,
    -3.910479,
    -12.21734,
    0.293262,
    -3.307759,
    -13.296523,
    -15.061826,
    -1.248602,
    -13.790372,
    -10.127991,
    -11.303355,
    -13.866414,
    -11.305083,
    -2.847802,
    -8.031976,
    -14.352071,
    -5.846608,
    -1.626974,
    3.89058,
    2.838731,
    -2.954312,
    -11.111211,
    -5.985356,
    -5.214498,
    0.588982,
    -3.199676,
    -3.911363,
    -5.194357,
    -8.252088,
    -1.33466,
    -5.980112,
    -0.200266,
    2.22853,
    -1.707455,
    -2.67307,
    -9.685767,
    -2.308363,
    -0.864757,
    -10.857734,
    -2.304709,
    -2.919111,
    -0.899737,
    -12.671414,
    -8.82874,
    -3.914893,
    -8.760999,
    -9.187317,
    0.82088,
    -11.179458,
    -11.019719,
    -1.190314,
    -6.548232,
    0.04266,
    -2.673884,
    -1.437074,
    -1.168321,
    -0.80156,
    -7.36991,
    4.245496,
    -10.672247,
    -9.263062,
    1.957414,
    -9.918983,
    -0.339141,
    0.075589,
    -2.963897,
    0.392636,
    -15.112239,
    -0.073165,
    -2.954629,
    -8.243228,
    -11.74004,
    -2.935445,
    -1.267158,
    -4.255843,
    0.442181,
    -0.098192,
    -2.148325,
    -7.068972,
    -1.869768,
    -4.914335,
    -3.940713,
    -7.649519,
    -12.049225,
    -3.508063,
    -9.553221,
    -12.444716,
    1.488988,
    -12.5403,
    -4.700756,
    -3.928738,
    -12.246557,
    -3.125126,
    -10.773615,
    -6.901698,
    -6.086781,
    -9.095611,
    -12.331447,
    -2.062705,
    -2.426937,
    -1.74419,
    -1.051222,
    -10.634038,
    -11.496614,
    -7.872809,
    -13.104492,
    -12.136675,
    -0.822716,
    -12.002994,
    -9.596516,
    -3.549158,
    -3.430151,
    -6.137585,
    0.484073,
    -10.889794,
    -12.730863,
    -5.423545,
    -8.815395,
    -4.937676,
    0.503905,
    -0.357724,
    -16.998968,
    -3.317681,
    -1.258387,
    -2.691126,
    -2.871186,
    -6.077607,
    -2.57962,
    1.175522,
    -3.02975,
    -9.067208,
    -5.416572,
    1.206337,
    -10.359496,
    -7.177684,
    3.146531,
    -10.46375,
    -2.518203,
    -0.239466,
    -0.885033,
    -6.227566,
    -9.146742,
    -2.168264,
    -10.645906,
    3.450708,
    -7.197065,
    -6.544179,
    -8.787353,
    4.802087,
    -9.077012,
    -3.170633,
    0.170978,
    -10.406748,
    -0.594475,
    -4.648434,
    -9.483563,
    -7.794438,
    1.267659,
    -5.503759,
    1.101806,
    0.566499,
    -3.391052,
    -5.857296,
    -3.665846,
    -7.730057,
    -2.28437,
    -0.118691,
    -10.259283,
    -10.587816,
    -13.626779,
    0.106717,
    -3.322444,
    0.713062,
    -3.302534,
    -10.874753,
    -9.213409,
    -9.755259,
    -2.446847,
    -7.341106,
    -2.587177,
    -0.909352,
    -6.194949,
    -5.921238,
    -3.951204,
    -2.809992,
    -11.010398,
    -0.311908,
    -3.546088,
    -11.960106,
    -1.450415,
    -4.098667,
    -8.792926,
    -2.16275,
    -2.274698,
    -13.100601,
    -2.566197,
    -6.660327,
    1.831051,
    -12.725182,
    -9.688771,
    -10.131375,
    -10.952887,
    -8.379376,
    -10.545714,
    -10.478054,
    -4.605074,
    -10.525618,
    -1.029386,
    1.129619,
    -8.537849,
    -5.460656,
    -3.153635,
    -10.998235,
    -2.14868,
    -10.991551,
    -7.820558,
    -4.974779,
    -3.646228,
    -3.038441,
    -11.629574,
    -4.057733,
    -6.190258,
    -1.673374,
    -9.908971,
    -6.796543,
    -2.05578,
    -1.637776,
    -2.36949,
    -4.945086,
    -2.850079,
    -6.594737,
    -3.057859,
    -10.064385,
    -4.561735,
    0.202694,
    -2.360137,
    0.806796,
    -7.172385,
    -3.211554,
    -5.61271,
    -9.569018,
    0.64429,
    2.878434,
    -2.477163,
    -10.946867,
    -4.312612,
    -3.886904,
    -11.500869,
    -3.95506,
