{
  "mean_reward": 85.41664523532974,
  "std_reward": 30.212035430137846,
  "cf_rate": 0.9327587240647847,
  "cf_rate_std": 0.17995694310746077,
  "dyn_suc": 0.4282893883676407,
  "dyn_suc_std": 0.11158592257324138,
  "n_eval_episodes": 30,
  "elapsed_min": 135.52,
  "model_path": "/home/sanaa/Documents/alsat_dynamic_multi/models/ppo_no_smdp_s123.zip",
  "dyn_success_history": [
    0.3333333333333333,
    0.5342465753424658,
    0.17142857142857143,
    0.19718309859154928,
    0.4794520547945205,
    0.38028169014084506,
    0.4057971014492754,
    0.2631578947368421,
    0.34328358208955223,
    0.44285714285714284,
    0.37681159420289856,
    0.3611111111111111,
    0.4,
    0.273972602739726,
    0.29411764705882354,
    0.4838709677419355,
    0.3108108108108108,
    0.358974358974359,
    0.32786885245901637,
    0.21621621621621623,
    0.4411764705882353,
    0.39436619718309857,
    0.27419354838709675,
    0.5,
    0.36619718309859156,
    0.4605263157894737,
    0.36,
    0.24615384615384617,
    0.14925373134328357,
    0.4166666666666667,
    0.3380281690140845,
    0.3698630136986301,
    0.4307692307692308,
    0.3888888888888889,
    0.2465753424657534,
    0.323943661971831,
    0.32894736842105265,
    0.3835616438356164,
    0.3880597014925373,
    0.24285714285714285,
    0.30434782608695654,
    0.323943661971831,
    0.5256410256410257,
    0.45714285714285713,
    0.37037037037037035,
    0.23076923076923078,
    0.29850746268656714,
    0.32894736842105265,
    0.4666666666666667,
    0.39705882352941174,
    0.4788732394366197,
    0.5522388059701493,
    0.40540540540540543,
    0.4117647058823529,
    0.4788732394366197,
    0.5072463768115942,
    0.391304347826087,
    0.36486486486486486,
    0.27941176470588236,
    0.36,
    0.4794520547945205,
    0.28169014084507044,
    0.4657534246575342,
    0.28169014084507044,
    0.5223880597014925,
    0.20634920634920634,
    0.44776119402985076,
    0.4266666666666667,
    0.2608695652173913,
    0.5142857142857142,
    0.3787878787878788,
    0.3466666666666667,
    0.45588235294117646,
    0.47761194029850745,
    0.3287671232876712,
    0.3125,
    0.2898550724637681,
    0.515625,
    0.3333333333333333,
    0.3283582089552239,
    0.38571428571428573,
    0.4583333333333333,
    0.35526315789473684,
    0.3880597014925373,
    0.3611111111111111,
    0.463768115942029,
    0.375,
    0.47761194029850745,
    0.43283582089552236,
    0.14285714285714285,
    0.3076923076923077,
    0.1791044776119403,
    0.5,
    0.40625,
    0.38028169014084506,
    0.35714285714285715,
    0.18181818181818182,
    0.36363636363636365,
    0.4305555555555556,
    0.391304347826087
  ]
}