{
  "mean_reward": 79.76014938055046,
  "std_reward": 31.254432717631634,
  "cf_rate": 0.9712373582829519,
  "cf_rate_std": 0.0638980801513907,
  "dyn_suc": 0.38762101950913636,
  "dyn_suc_std": 0.13222953094993545,
  "n_eval_episodes": 30,
  "elapsed_min": 568.27,
  "model_path": "/home/sanaa/Documents/alsat_dynamic_multi/models/ppo_circular_cnn_s42.zip",
  "dyn_success_history": [
    0.2463768115942029,
    0.32857142857142857,
    0.2318840579710145,
    0.3442622950819672,
    0.3333333333333333,
    0.4927536231884058,
    0.2777777777777778,
    0.35294117647058826,
    0.21686746987951808,
    0.2916666666666667,
    0.2077922077922078,
    0.2222222222222222,
    0.24,
    0.171875,
    0.32432432432432434,
    0.3484848484848485,
    0.625,
    0.3333333333333333,
    0.5142857142857142,
    0.2898550724637681,
    0.36507936507936506,
    0.23333333333333334,
    0.3333333333333333,
    0.2191780821917808,
    0.27692307692307694,
    0.36,
    0.1864406779661017,
    0.2898550724637681,
    0.30434782608695654,
    0.31343283582089554,
    0.3380281690140845,
    0.25757575757575757,
    0.3055555555555556,
    0.410958904109589,
    0.3088235294117647,
    0.3188405797101449,
    0.32857142857142857,
    0.25,
    0.3333333333333333,
    0.3142857142857143,
    0.3333333333333333,
    0.3194444444444444,
    0.27631578947368424,
    0.3125,
    0.3382352941176471,
    0.22388059701492538,
    0.3125,
    0.41333333333333333,
    0.3,
    0.32051282051282054,
    0.5074626865671642,
    0.4393939393939394,
    0.17142857142857143,
    0.24358974358974358,
    0.273972602739726,
    0.26865671641791045,
    0.12903225806451613,
    0.3880597014925373,
    0.3939393939393939,
    0.21333333333333335,
    0.3611111111111111,
    0.44776119402985076,
    0.36923076923076925,
    0.35384615384615387,
    0.4057971014492754,
    0.25757575757575757,
    0.2236842105263158,
    0.5131578947368421,
    0.2318840579710145,
    0.28169014084507044,
    0.208955223880597,
    0.14925373134328357,
    0.2602739726027397,
    0.30303030303030304,
    0.3770491803278688,
    0.4153846153846154,
    0.5223880597014925,
    0.22857142857142856,
    0.20634920634920634,
    0.3333333333333333,
    0.3333333333333333,
    0.6081081081081081,
    0.410958904109589,
    0.28,
    0.32857142857142857,
    0.4090909090909091,
    0.359375,
    0.33783783783783783,
    0.34328358208955223,
    0.42857142857142855,
    0.14084507042253522,
    0.2714285714285714,
    0.3026315789473684,
    0.34375,
    0.35135135135135137,
    0.26865671641791045,
    0.273972602739726,
    0.4,
    0.373134328358209,
    0.23880597014925373
  ]
}